{
  "proposal_widths": {
    "theta_nu": 0.25,
    "theta_mu": 0.025,
    "utt_other_prob": 0.025,
    "cost": 0.025,
    "rat_alpha": 1e-11
  },
  "rat_alpha_prior": {
    "rat_alpha_mu": 2.581085497259112,
    "rat_alpha_sd": 1e-08
  },
  "data_path": "data/data.json",
  "utt_other_prob_prior": {
    "utt_other_prob_mu": 6.722595005107452e-06,
    "utt_other_prob_sd": 1
  },
  "utterances": [
    {
      "has_cost": true,
      "form": "bare",
      "mu_init": 0.7954987845434262,
      "has_theta": true,
      "prior": {
        "mu_sd": 0.175,
        "mu_mu": 0.7954987845434262,
        "cost_mu": 2.220672326971034,
        "cost_sd": 0.7
      },
      "nu_init": 1.6465629678554936,
      "cost_init": 2.220672326971034
    },
    {
      "has_cost": true,
      "form": "might",
      "mu_init": 0.29144561174859807,
      "has_theta": true,
      "prior": {
        "mu_sd": 0.175,
        "mu_mu": 0.29144561174859807,
        "cost_mu": 1,
        "cost_sd": 0.7
      },
      "nu_init": 2.715129746381887,
      "cost_init": 1
    },
    {
      "has_cost": true,
      "form": "probably",
      "mu_init": 0.6373639126097295,
      "has_theta": true,
      "prior": {
        "mu_sd": 0.175,
        "mu_mu": 0.6373639126097295,
        "cost_mu": 1,
        "cost_sd": 0.7
      },
      "nu_init": 4.0671762632303725,
      "cost_init": 1
    },
    {
      "has_cost": true,
      "form": "bare_not",
      "mu_init": 0.21200250768584594,
      "has_theta": true,
      "prior": {
        "mu_sd": 0.175,
        "mu_mu": 0.21200250768584594,
        "cost_mu": 2.220672326971034,
        "cost_sd": 0.7
      },
      "nu_init": 1.727094587044609,
      "cost_init": 2.220672326971034,
      "is_neg": true
    }
  ],
  "noise_strength_init": 0.08431258860641812,
  "theta_marginalization": "speaker",
  "utt_other_prob_estimate": false,
  "rat_alpha_init": 2.581085497259112,
  "hdi_estimation_samples": 1000,
  "burn_in": 20000,
  "theta_nu_scale": 3.5,
  "utt_other_prob_init": 6.722595005107452e-06,
  "condition_encoding": "xxx",
  "iterations": 40001,
  "conditions": [
    "might-probably"
  ],
  "subject_estimate_condition": "might-probably",
  "rat_alpha_estimate": false
}